{
  "0x8DcD22fB9e37E9c311c34cF19762B88D231353BE": { "reward": 186.2161191927531 },
  "0x0079CE80043EDc3325598e4A3b6293ab779bf174": {
    "reward": 104.56769439139951
  },
  "0x0A66A105EA8a4FC5A0475B37Cd4be050621b95D4": {
    "reward": 130.36794029692206
  },
  "0x7748f9249b36643Db00E987D73B2E7C574E87959": { "reward": 24.33899020621581 },
  "0xC3b37dcDd21015956dFeF1F10c97E24E73Ca94CF": {
    "reward": 14.293376498507003
  },
  "0x940EC1a9BaB489eEBbb941de5E6432Cea86d0DEF": {
    "reward": 17.102601186773562
  },
  "0xFBf2A4DB9aEf5757f3a758859a9132Af55754fa3": { "reward": 89.96237067763738 },
  "0xec32EB5E262990BB01405a227B619dC0F7d2Bd1D": { "reward": 5.58731756984152 },
  "0x659023A52340CcDC27515C64CD0e1D1637bb4e74": { "reward": 5.740659747940432 },
  "0xd4912C3e08EdBa5dEa3156Ef56A79716f776a2D9": { "reward": 8.250986152676143 },
  "0xC5f6E1C3Fe7078A09f3d8D05b0e883d1C22A1489": { "reward": 2.506361261232496 },
  "0x611d3714B1BC0F3eD65510970e080aa9AA6E8009": { "reward": 2.254651100619875 },
  "0xb1c5Ec4aac5dbA3B65511228819229C04cb5f4F3": { "reward": 2.000102131217422 },
  "0xB5655Db628f80fAfeD5809E64A37cB8af9CCaBa9": {
    "reward": 1.5585117987726833
  },
  "0xb5a98BAa208B4529Df4628A0B79DFDf45EDBea3c": {
    "reward": 1.4184306499000037
  },
  "0x96B9D9a5cFe8c572DeF7588d31f7921138794e24": {
    "reward": 1.4028237621191628
  },
  "0x02FBf6b7795ADDBc04013361f3A57ec60285036C": { "reward": 1.097069297000617 },
  "0x63026d769f7D45FCbff3862e4A7C47c4dEfb4e29": {
    "reward": 0.8628447421201255
  },
  "0xF07cEA1816fcEb75180c2d16fB1aAEe8E35554fE": {
    "reward": 1.8067502052503626
  },
  "0xAd8bCd89A00Be1Bc607B9197fb9D7b2Ff09Bbba7": { "reward": 0.803366536206984 },
  "0xa21957306BD617E489f2A4070975e5Abf4F6F1AF": {
    "reward": 1.2255776991812564
  },
  "0xb89A5eBB8BB58895603f8a1BEC371c36838e6e5B": {
    "reward": 0.8930916135656104
  },
  "0xE4B637Acad57c7b778B432Ffcb5EFAABbAB45301": {
    "reward": 1.6680325949553412
  },
  "0x28883A80C699c0e8eDEe3b85B53dA66CCBf6D895": {
    "reward": 0.5470649105527047
  },
  "0x57877Fed03cbE9b2Fd002B0F2EFF67AA9b531282": {
    "reward": 0.4811640070284752
  },
  "0xF17b03b741bB7162bD5236203B59197d216b7F3D": {
    "reward": 0.23294561761517146
  },
  "0xb9D24761ebB3e3a88B8CF20e77F56ccF026A2044": {
    "reward": 0.22144999586387296
  },
  "0x2088a17351478aC9B7c70809fC82cf8d90BE3BeF": {
    "reward": 0.5456580345781563
  },
  "0x57B77e4441B9e81380053248Bd5ca5dd40ACb8f7": {
    "reward": 0.1988720862007821
  },
  "0xD4656781Cd0190Fb6DA2323158BB6314C0c8aF67": { "reward": 0.198626657480452 },
  "0x99Aac84Ec20FdD2FE5f305bd8A58622c8552180d": {
    "reward": 0.25420881157647485
  },
  "0xD9215a154Cb0148451fD418da07D8842F3cd7e59": {
    "reward": 0.18178554836712182
  },
  "0xe1FB6BEa15D8F6eD62e4962131Fd8f6bA0d5Cd5a": {
    "reward": 0.15367662829102666
  },
  "0x3DD1B656fcC459Cc4CF203b53AAAbF8C85181f1d": {
    "reward": 0.15115780938904555
  },
  "0xA8fC0012304368d4b0E96825a6BA8F2D792c2f8e": {
    "reward": 0.7447218018140206
  },
  "0xbEE2D469AACB46251aE33Cca91F482e26c971dFF": {
    "reward": 0.5325154924306942
  },
  "0x2D9d44F305d1d84DdDF858B92f533C2DcBA762c7": {
    "reward": 0.12336713333324852
  },
  "0xC12037FB63216C40E2E409B11c53E2C6dfE9F680": {
    "reward": 0.1815815578214156
  },
  "0x8181432899253fA56fdfeb559a9DA64eC75d9f15": {
    "reward": 0.11978013652322649
  },
  "0x1E506e6af1DCF5633e105AD36FCFe0AC83DCE013": {
    "reward": 0.1163302046368942
  },
  "0xC3A03c3F58C674FC41756744bF2210C8bdbc4081": {
    "reward": 0.16441032684471846
  },
  "0x50fa50Fa2032d85EB2Dda303929bF56886aA9AFB": {
    "reward": 0.0766891764135905
  },
  "0x6EdE5522B1C7773E2E5482E52a6bF75ff3B70597": {
    "reward": 0.06578062552074573
  },
  "0x4523801BA4608916f975a5226860bE8D411FFC9E": {
    "reward": 0.05881820457411176
  },
  "0xcC7F3a14aD8AaA2e462B0f562e88b45992Cfb8a9": {
    "reward": 0.05640378161435168
  },
  "0xCB6586874cc04B01Cc4fDB777dE502cEa7b3D6c1": {
    "reward": 0.15638510588630133
  },
  "0xD927cE147f098cE634301e6c4281541b1939a132": {
    "reward": 0.04378328917352086
  },
  "0x5fd1077710dA2875EDE340fd66D4191e95F1f3e3": {
    "reward": 0.027780446137294232
  },
  "0x08075023c83185634dC66BE32cCF4734375151b4": {
    "reward": 0.026895457109942553
  },
  "0xFbA38Ebf53b5d3956d4e4815dB9b88cc01DB023B": {
    "reward": 0.00285760503114779
  },
  "0x47c6f1818EAf48783348C8087F5F0676f137d91C": { "reward": 2.350624655e-9 },
  "0xB86d17F42D9d3E5b6B2dfa08E7757e1A5b7c0afF": { "reward": 73.56683353997921 },
  "0xa3d600474a870ee3AedB7db9Cd238361E158132A": {
    "reward": 39.155681980506614
  },
  "0xf5D000Cc7Bf001039D37fBe918525FA4F5D5F8b8": { "reward": 22.84731603413683 },
  "0xbd3449B07F81B3c9E9D4042868aaD3A9d926D2Fa": {
    "reward": 12.678298428719497
  },
  "0x041eC9b0e44e311F407AFE25ffd28c9227aF0290": { "reward": 9.360099414714094 },
  "0x1F4B810Fbd4B2dfE070E297bB96F2616710BC518": { "reward": 8.858283503226401 },
  "0x028692d9a14C17BF66C489c553a4f60f1551aA6e": { "reward": 8.684399746472293 },
  "0x75a493D57392E224A93418C0f98792AD5d99F49D": { "reward": 7.17298069843486 },
  "0xF969E21B1682B042246fdB5BB3Af5F44006F5040": { "reward": 6.232111894317602 },
  "0x270B1908B77eb397d4e67aBcBdb997B25097FD28": { "reward": 5.97438276236393 },
  "0x30983df6eeb220CfD3fC0Ff9E0BFBf846eCd2648": { "reward": 5.894825786137836 },
  "0x0AbC4D0459413F19B450b67c8cC1dF2bC9FE8Ac8": { "reward": 5.55095956602302 },
  "0x1205AF871c8D2B526fB0A84d3c2f8fCa47b84Ac4": {
    "reward": 5.4080975218739304
  },
  "0xe66135ff83E34F32F6Aa6Df478e2222DbeCB14ce": { "reward": 4.088416878685812 },
  "0x680fAf7159FF1Bfa05B55CB85744f4f41Da094b9": { "reward": 3.538092132533312 },
  "0xaF668111a6098609A0923ac74a1Bee4B183A0f97": { "reward": 2.445376327198856 },
  "0x05B83309BB7ced2EB9635CE7d524967dE818D8B8": { "reward": 2.044978680198665 },
  "0xD3dEe23093335973ee48C80ccD44A973Af2911B1": {
    "reward": 1.3089240968009603
  },
  "0xF07b8A6cF6929Eb8C9E7e07bD64ee41e5A61ad09": { "reward": 1.288559386209194 },
  "0x5323e2d2e21Dd9F33E8fa390840E946bD53086FE": { "reward": 1.259371387079858 },
  "0xaa5fEB93804Dc33eb34341e38FcB88a95C8Ca48D": {
    "reward": 1.2544795155801756
  },
  "0x6273957EB6707F6E935D8B190bD239CcAe0Eb7Cb": { "reward": 1.072592717926115 },
  "0x7cF67ABe997D3E48C68700CC3440ED3AE0528F5d": { "reward": 1.055949645728661 },
  "0xF188290Ae4A2A1d6718acc58C455fE0a68Fc8F8D": { "reward": 1.005913041320734 },
  "0x030888A2082c6f6264B1FE6BbD54cd0ED09Bf7B7": {
    "reward": 1.0035657983373147
  },
  "0x69A21C190aeBAb0bF16ed3A0091AE07811eA8Fc8": { "reward": 0.987404330871566 },
  "0xc79e997bA95eED9D5c8A226ecd70F39A2A930689": { "reward": 0.873905355735349 },
  "0x56025C57C2621b08F5cf7F0d3ACAb5c2a818e5FA": {
    "reward": 0.8338134524539476
  },
  "0x03c6B96Cb3A0c077F1d87b84702DF7010f975f1d": { "reward": 0.830083204651527 },
  "0x79F49449A106D290E697C3492694b80171052a8c": {
    "reward": 0.7156917076647733
  },
  "0x9e3F7333D76fBd3b7417cdd9a3748117dD4d3C20": {
    "reward": 0.7081382140205031
  },
  "0x03098D021E9F45E594F1588A30078E95410DF80E": {
    "reward": 0.6677389460742024
  },
  "0x2270B499b331D749B8f39C35d55306c97A2A5392": {
    "reward": 0.6067309031339825
  },
  "0x1AD47aa9a616627FE514129B55c654f656706822": {
    "reward": 0.5263745833386435
  },
  "0xd2Ce219b6bC6264798b4E43b7a98F8735587b87f": {
    "reward": 0.4874273968248929
  },
  "0x78AEa5d60314A4951f1dd8d8F03eBa55CC93ad08": {
    "reward": 0.4650998639182748
  },
  "0x6D89F3591817b9669623e4d6c7463EacB729c937": {
    "reward": 0.37869543486736945
  },
  "0x88dA72cDa5A465DE454C88738521DbBAF719e61A": {
    "reward": 0.3294140773241113
  },
  "0x11B1785D9Ac81480c03210e89F1508c8c115888E": {
    "reward": 0.2867669628129673
  },
  "0x06Dd5751f9b6e0e6aAcF1f72Aa439C2C9f5Fa18D": {
    "reward": 0.2773104019755742
  },
  "0x8851362132466e9a1836921f59D8a20d6FBF950b": {
    "reward": 0.2738594379135641
  },
  "0xaF626f5aD7127bC384892146002EE24890894417": {
    "reward": 0.26174184066142997
  },