{
  "0x8DcD22fB9e37E9c311c34cF19762B88D231353BE": { "reward": 406.376052490961 },
  "0x0079CE80043EDc3325598e4A3b6293ab779bf174": {
    "reward": 279.32912012361714
  },
  "0x0A66A105EA8a4FC5A0475B37Cd4be050621b95D4": {
    "reward": 228.35601863444634
  },
  "0x7748f9249b36643Db00E987D73B2E7C574E87959": {
    "reward": 53.114535973011826
  },
  "0xFBf2A4DB9aEf5757f3a758859a9132Af55754fa3": { "reward": 74.58990355816236 },
  "0xC3b37dcDd21015956dFeF1F10c97E24E73Ca94CF": {
    "reward": 31.192175754763543
  },
  "0x940EC1a9BaB489eEBbb941de5E6432Cea86d0DEF": { "reward": 31.12924360314576 },
  "0xec32EB5E262990BB01405a227B619dC0F7d2Bd1D": {
    "reward": 12.193101584806032
  },
  "0xd4912C3e08EdBa5dEa3156Ef56A79716f776a2D9": {
    "reward": 12.606837904948348
  },
  "0x659023A52340CcDC27515C64CD0e1D1637bb4e74": {
    "reward": 10.269693770973845
  },
  "0xC5f6E1C3Fe7078A09f3d8D05b0e883d1C22A1489": { "reward": 5.469586628006398 },
  "0x611d3714B1BC0F3eD65510970e080aa9AA6E8009": {
    "reward": 4.9202841192598665
  },
  "0xb1c5Ec4aac5dbA3B65511228819229C04cb5f4F3": { "reward": 3.897914026857907 },
  "0xB5655Db628f80fAfeD5809E64A37cB8af9CCaBa9": {
    "reward": 3.4011119729665027
  },
  "0xb5a98BAa208B4529Df4628A0B79DFDf45EDBea3c": {
    "reward": 3.0954154277154755
  },
  "0x96B9D9a5cFe8c572DeF7588d31f7921138794e24": { "reward": 3.061356800161958 },
  "0x02FBf6b7795ADDBc04013361f3A57ec60285036C": {
    "reward": 2.3941143879315385
  },
  "0x63026d769f7D45FCbff3862e4A7C47c4dEfb4e29": {
    "reward": 1.8829703987784727
  },
  "0xF07cEA1816fcEb75180c2d16fB1aAEe8E35554fE": {
    "reward": 2.2473196147544066
  },
  "0xAd8bCd89A00Be1Bc607B9197fb9D7b2Ff09Bbba7": {
    "reward": 1.7531721910131821
  },
  "0x804FD8e282E22B970d1be61932C689E94f810f21": {
    "reward": 1.7701887499233155
  },
  "0xa21957306BD617E489f2A4070975e5Abf4F6F1AF": {
    "reward": 1.6144031579686509
  },
  "0xb89A5eBB8BB58895603f8a1BEC371c36838e6e5B": {
    "reward": 1.4008653132086486
  },
  "0xE4B637Acad57c7b778B432Ffcb5EFAABbAB45301": {
    "reward": 1.1196186341514758
  },
  "0x28883A80C699c0e8eDEe3b85B53dA66CCBf6D895": {
    "reward": 0.7539614004733546
  },
  "0xF17b03b741bB7162bD5236203B59197d216b7F3D": {
    "reward": 0.5083529876032677
  },
  "0xb9D24761ebB3e3a88B8CF20e77F56ccF026A2044": {
    "reward": 0.4832663011849649
  },
  "0x2088a17351478aC9B7c70809fC82cf8d90BE3BeF": {
    "reward": 0.6102085879195231
  },
  "0x57B77e4441B9e81380053248Bd5ca5dd40ACb8f7": {
    "reward": 0.4339949392740919
  },
  "0xD4656781Cd0190Fb6DA2323158BB6314C0c8aF67": {
    "reward": 0.43345934463831065
  },
  "0x99Aac84Ec20FdD2FE5f305bd8A58622c8552180d": {
    "reward": 0.43643852570856223
  },
  "0xD9215a154Cb0148451fD418da07D8842F3cd7e59": { "reward": 0.396707298302512 },
  "0xe1FB6BEa15D8F6eD62e4962131Fd8f6bA0d5Cd5a": {
    "reward": 0.3353657128918328
  },
  "0x3DD1B656fcC459Cc4CF203b53AAAbF8C85181f1d": {
    "reward": 0.3298689401808347
  },
  "0xA8fC0012304368d4b0E96825a6BA8F2D792c2f8e": {
    "reward": 0.5711545719422884
  },
  "0xbEE2D469AACB46251aE33Cca91F482e26c971dFF": {
    "reward": 0.47023386077906765
  },
  "0x2D9d44F305d1d84DdDF858B92f533C2DcBA762c7": {
    "reward": 0.26922185291166034
  },
  "0xC12037FB63216C40E2E409B11c53E2C6dfE9F680": {
    "reward": 0.2931454082117452
  },
  "0x8181432899253fA56fdfeb559a9DA64eC75d9f15": {
    "reward": 0.2613940149657649
  },
  "0xC3A03c3F58C674FC41756744bF2210C8bdbc4081": {
    "reward": 0.22193544414248692
  },
  "0x50fa50Fa2032d85EB2Dda303929bF56886aA9AFB": {
    "reward": 0.1673573958840758
  },
  "0x6EdE5522B1C7773E2E5482E52a6bF75ff3B70597": {
    "reward": 0.1435518635303357
  },
  "0x4523801BA4608916f975a5226860bE8D411FFC9E": {
    "reward": 0.1283578988384563
  },
  "0xcC7F3a14aD8AaA2e462B0f562e88b45992Cfb8a9": {
    "reward": 0.12308894749480148
  },
  "0xD927cE147f098cE634301e6c4281541b1939a132": {
    "reward": 0.08305551341493873
  },
  "0x5fd1077710dA2875EDE340fd66D4191e95F1f3e3": {
    "reward": 0.06062476270395146
  },
  "0x08075023c83185634dC66BE32cCF4734375151b4": {
    "reward": 0.05869346723397805
  },
  "0xCB6586874cc04B01Cc4fDB777dE502cEa7b3D6c1": {
    "reward": 0.0375777794793566
  },
  "0xFbA38Ebf53b5d3956d4e4815dB9b88cc01DB023B": {
    "reward": 0.006236099523339982
  },
  "0x47c6f1818EAf48783348C8087F5F0676f137d91C": { "reward": 5.129725464e-9 },
  "0xB86d17F42D9d3E5b6B2dfa08E7757e1A5b7c0afF": {
    "reward": 32.915580332375406
  },
  "0x36c2E61E9A5eF2E8730812F03B5a4788F6D1Ce0A": { "reward": 28.1070571741354 },
  "0x1a0781e4fdbfa11B0518e37C48e46e79b217a7DB": { "reward": 19.90702348851605 },
  "0xa3d600474a870ee3AedB7db9Cd238361E158132A": { "reward": 17.51919898792308 },
  "0xf5D000Cc7Bf001039D37fBe918525FA4F5D5F8b8": {
    "reward": 10.222441691636957
  },
  "0xbd3449B07F81B3c9E9D4042868aaD3A9d926D2Fa": { "reward": 5.672577305934478 },
  "0x7B523cB3F384c9f691C3Dc3f853b744C78eD1112": { "reward": 4.666341639207957 },
  "0x041eC9b0e44e311F407AFE25ffd28c9227aF0290": { "reward": 4.187934825774598 },
  "0x1F4B810Fbd4B2dfE070E297bB96F2616710BC518": {
    "reward": 3.9634102519710925
  },
  "0x028692d9a14C17BF66C489c553a4f60f1551aA6e": {
    "reward": 3.8856104543105787
  },
  "0x9572EdeBc6bdEF0d12Dd0Db821d54c0b4b77B374": { "reward": 3.551515909127295 },
  "0x75a493D57392E224A93418C0f98792AD5d99F49D": {
    "reward": 3.2093650228074995
  },
  "0xFF93A6ecD7073a42f2de288F374d39E1A9088Cc1": { "reward": 2.81910835892774 },
  "0xF969E21B1682B042246fdB5BB3Af5F44006F5040": {
    "reward": 2.7883975675843833
  },
  "0x270B1908B77eb397d4e67aBcBdb997B25097FD28": {
    "reward": 2.6730833214954273
  },
  "0x30983df6eeb220CfD3fC0Ff9E0BFBf846eCd2648": {
    "reward": 2.6374876064705606
  },
  "0x0AbC4D0459413F19B450b67c8cC1dF2bC9FE8Ac8": {
    "reward": 2.4836335441555293
  },
  "0x1205AF871c8D2B526fB0A84d3c2f8fCa47b84Ac4": { "reward": 2.419713610887214 },
  "0xe66135ff83E34F32F6Aa6Df478e2222DbeCB14ce": {
    "reward": 1.8292565783668004
  },
  "0xCd52C049924C410f3767a416827B6160eCc9A1A1": {
    "reward": 1.7675456984623308
  },
  "0x680fAf7159FF1Bfa05B55CB85744f4f41Da094b9": {
    "reward": 1.5830279788847705
  },
  "0xE611e1Fe5A69385593A76C934fdd90B0270A79e0": {
    "reward": 1.2890975299665444
  },
  "0xaF668111a6098609A0923ac74a1Bee4B183A0f97": {
    "reward": 1.0941205033251975
  },
  "0x05B83309BB7ced2EB9635CE7d524967dE818D8B8": {
    "reward": 0.9149729135683717
  },
  "0x940A3055838EBDEc74156195078F657a948884A6": {
    "reward": 0.8222113342676028
  },
  "0x7cEf435df43eEEDE4fA9039450F42913EDa57673": {
    "reward": 0.7278349264983405
  },
  "0xD3dEe23093335973ee48C80ccD44A973Af2911B1": {
    "reward": 0.5856442935500321
  },
  "0xF07b8A6cF6929Eb8C9E7e07bD64ee41e5A61ad09": {
    "reward": 0.5765326295681295
  },
  "0x5323e2d2e21Dd9F33E8fa390840E946bD53086FE": { "reward": 0.563473212928145 },
  "0xaa5fEB93804Dc33eb34341e38FcB88a95C8Ca48D": {
    "reward": 0.5612844713230581
  },
  "0x6273957EB6707F6E935D8B190bD239CcAe0Eb7Cb": {
    "reward": 0.47990391963291085
  },
  "0x7cF67ABe997D3E48C68700CC3440ED3AE0528F5d": {
    "reward": 0.47245740666596203
  },
  "0xF188290Ae4A2A1d6718acc58C455fE0a68Fc8F8D": {
    "reward": 0.45006981985955996
  },
  "0x030888A2082c6f6264B1FE6BbD54cd0ED09Bf7B7": {
    "reward": 0.4490196065873202
  },
  "0x69A21C190aeBAb0bF16ed3A0091AE07811eA8Fc8": {
    "reward": 0.4417885752235898
  },
  "0xc79e997bA95eED9D5c8A226ecd70F39A2A930689": {
    "reward": 0.3910063890947251
  },
  "0x56025C57C2621b08F5cf7F0d3ACAb5c2a818e5FA": {
    "reward": 0.3730683020569074
  },
  "0x03c6B96Cb3A0c077F1d87b84702DF7010f975f1d": {
    "reward": 0.3713992989845716
  },
  "0x79F49449A106D290E697C3492694b80171052a8c": {
    "reward": 0.3202177769966506
  },
  "0x9e3F7333D76fBd3b7417cdd9a3748117dD4d3C20": {
    "reward": 0.31683816128024295
  },
  "0x03098D021E9F45E594F1588A30078E95410DF80E": {
    "reward": 0.29876255185860084
  },
  "0x2270B499b331D749B8f39C35d55306c97A2A5392": {
    "reward": 0.27146607813952306
  },